M,D,Q,C,L,H,S,R,A,W,Y,P,F,V,N,T,E,G,I,K
0.0,6.551469097530162e-20,9.717878999035667e-17,0.0003202045484848398,5.772902729232387e-07,0.2187185552931809,7.119956282934678e-09,1.2373535713117331e-47,1.5191475432735767e-10,4.5038294118204257e-05,4.538730670017076e-08,0.0018570587902263145,0.3483263940442317,0.13747490488411174,3.065185370877931e-13,0.4614509768610088,6.839850458737489e-07,3.147397723061601e-13,9.107026221287707e-15,1.9379301575377839e-19
0.0,1.634218538989524e-54,4.983291831653327e-10,0.41389840273528933,2.0158579643570648e-20,0.03431208664831163,5.075369576867083e-13,2.7151830677180752e-18,3.6737895200886323e-34,4.5801608362753e-22,0.0017698874728725802,0.03458624340133109,2.847381104403865e-25,9.085945930510218e-13,1.9306088001720634e-05,6.2720492520311624e-18,4.108658815172513e-32,2.8162859776959452e-14,0.00033286750990510987,1.2522606230862833e-09
0.2690049919323513,2.5744629840641335e-20,0.0011851111135584274,0.4412905792564399,1.7217023358750638e-34,1.6130279671995316e-05,0.5528916354311543,3.71787064167741e-29,1.5907469236759012e-17,0.0034806861572807047,5.943078776076622e-14,0.8485720606764748,9.208158510823452e-15,1.0645594105110704e-23,5.784742365965878e-26,0.016661454472786056,1.112001406036621e-25,9.126743395397131e-10,1.5182262361179836e-08,2.9591194630290615e-34
9.187199038231946e-159,0.00041047954303053704,0.00048460733272964767,6.452741155466429e-17,1.5527076451569572e-32,1.4018934671928941e-24,1.684494676493316e-08,1.785035767758722e-41,4.6751076252157865e-22,2.849555910104869e-52,6.445782186467987e-30,3.552483328016197e-61,4.7152561790397886e-26,6.915089939913617e-07,0.067240202950026,8.978001375465907e-31,0.00014824176859258757,4.174930372107467e-12,3.530586497870992e-17,1.0827132057084482e-39
4.863572098942387e-168,0.1267745081104529,2.4053209383834787e-21,2.19915132630868e-17,6.723661596583241e-82,5.502993556362059e-36,0.08502720628685446,1.1154625897785112e-78,4.6269814122673886e-08,5.20561168889955e-29,3.1400535198175153e-21,9.720879041542114e-25,4.726522175658005e-43,0.17320856040985116,9.755135643096498e-12,1.1602156337249382e-22,1.680451642549903e-35,4.397990853803345e-28,2.1364404624806759e-19,1.0036437712063508e-55
8.59923783532744e-34,1.174753332145617e-36,1.871941027153841e-27,8.720745680265384e-34,0.17133877191139846,1.3503241827333582e-35,2.8588144749207274e-51,1.4334794218104067e-26,0.7960512011671179,1.064872255796386e-05,2.568764753745355e-07,9.974393506730166e-05,0.0002295207400463272,2.0890372419377688e-10,7.703995066357436e-40,9.362902018882936e-16,4.98407902202328e-89,1.862794796048075e-05,0.007409142023185956,0.025864359320216034
3.4468226201092193e-46,6.939520968619739e-65,1.6420018607822849e-103,5.6666151829864234e-89,6.428820884696756e-21,5.521758067448223e-40,1.5990602591824186e-29,8.669384704252251e-16,0.9921696436625883,0.5057861615138626,1.9336781280643752e-11,7.010895194385628e-46,5.7950951070119665e-11,1.378363856507174e-43,0.0010635991102466629,1.142691425587607e-62,1.1434477030874013e-45,1.251829882608545e-14,0.4172077702311816,0.7337195627212163
6.109198356426788e-13,8.431019624419558e-25,2.0857616294262624e-20,1.2178416442276617e-39,1.5086541018964977e-67,1.2756768560499095e-28,4.643487206891401e-09,1.098092334969149e-43,1.6781526827175012e-69,1.1667808549508018e-42,1.2924553856985364e-48,1.770356313981789e-08,5.258515154392738e-07,0.0005658478697408008,3.686056177942234e-08,0.03519886893998656,8.252885725322483e-13,3.372381546258132e-05,1.0408333702656174e-24,8.7536414888821e-30
0.07341514212424397,0.8971809386465944,0.7740959331085171,0.6016255734765348,0.7474994757616138,0.9213762588980661,0.7807707023264835,0.760005486847331,0.6219493915179948,0.0015545696420811684,0.7236941929068126,0.005222109703892923,0.3164991289720489,0.5180587951583406,0.8767582986351352,0.6885739356096735,0.7922045647270728,0.12899570959395584,0.4747303568688396,0.9893581343117794
9.254358527782029e-44,1.3616548159038482e-41,7.675557696616815e-09,4.124051208027544e-52,2.3560807104516275e-76,1.2470503071013569e-44,6.586524998890771e-57,1.0703995973731935e-105,6.976747258976347e-20,5.149522062302708e-09,0.033392238615438406,5.947519126315229e-44,0.047389831222759735,5.790932872192021e-41,3.724946221771934e-86,0.4632127203506654,3.2737949110707145e-08,1.2647492071512097e-67,7.086036848824306e-70,2.7460666758210892e-105
3.277259214719064e-34,2.4975649311670448e-58,1.0496438925148556e-49,0.032840678749210685,4.022511247394616e-50,3.0157851194890073e-41,1.6061886968463685e-56,1.4350661109396792e-123,1.3020290783046767e-24,0.00024748065940247236,0.6909148420222179,5.42108574214225e-84,2.600401107421202e-18,0.4303485522885605,1.6374297600336928e-37,5.409477403970864e-23,4.533080311255953e-31,3.9017333623050603e-35,8.718208728205668e-65,4.742791008560979e-120
7.638796550077767e-11,0.15567438873303902,1.1980699937328281e-17,7.241289870938296e-36,5.943119022883169e-64,0.001384566122232988,8.445023114053758e-50,7.446497808951968e-79,2.8905339634992926e-28,0.006826438907553346,0.03627157466715854,5.270688136248096e-58,6.441298112738007e-36,0.10864987844782045,1.432750291837328e-78,9.634178022168017e-17,5.3178322089007605e-51,2.7629709960747187e-56,6.635064727217815e-22,8.774626852482569e-101
6.704541484902657e-31,5.431325350754925e-24,5.912088507005792e-08,4.1173789016455244e-63,9.41167076333099e-75,1.1805857602020923e-06,1.7256991629021724e-37,1.368154851241537e-115,1.3161195245402472e-43,1.8600291391476302e-17,0.9223153213564305,8.81511256690305e-85,4.8618198618069325e-32,6.737792481460879e-10,2.371914520313892e-34,7.894424401051757e-35,0.7070459512839021,2.1273450313070817e-52,1.3974107042051605e-58,2.36356338375047e-106
5.033360896760978e-06,0.06981676096885489,0.03814411581621987,1.4388944562687708e-47,6.5418974716060545e-56,3.454537792751304e-13,5.869340518950572e-37,4.068885926874267e-90,2.8158151303333417e-16,1.5039346885859892e-45,2.31562128648054e-10,5.768586215780983e-52,1.772946590376e-34,8.717880540682637e-06,8.485065966027039e-57,9.066818686288328e-26,1.8427868845511188e-46,5.5737715740998275e-52,1.4909881633717663e-34,2.4776445404237235e-94
3.542433421305178e-168,1.0826976283791092e-06,0.014232272139202829,1.3645279996660886e-14,1.4506804033814364e-91,6.87919064856905e-51,1.0805849689532063e-05,7.110635631776059e-88,2.2681018374593054e-37,7.537646978312149e-51,1.2119394833412614e-27,0.5480076198702855,2.4301589697858958e-63,2.415748929144726e-05,2.0909052225535045e-18,1.7245892117567024e-25,0.046842396842907454,1.598816785401255e-61,1.0369903024433111e-60,2.2427667349935224e-80
3.035808123376911e-151,0.0034745936149143974,1.230084127762995e-34,1.8948736578593573e-12,9.608830423410234e-73,1.878492642207723e-49,2.393999655558839e-19,1.811945823533007e-105,3.0600518480316043e-44,1.1422573074897792e-49,0.04123557830053547,1.8076150183447855e-20,2.4925239937919444e-54,4.313340402607045e-06,1.0317819180218119e-34,0.0015869081767054347,0.00045914753267459283,1.5340263480626107e-19,1.6016696269165315e-49,3.7898297467433717e-91
2.4439731208781945e-85,1.026429983360913e-27,6.940697325120401e-62,2.1858035053265246e-90,1.6250342652614123e-94,1.1326395030772706e-41,5.632627991214121e-34,2.7604628848328908e-77,0.04214614277966601,1.804891674407253e-28,9.474540831703016e-38,1.1825638930644594e-71,1.308002204143501e-50,1.2433787315459493e-20,0.388945997874393,0.023526649330588647,9.060541276414277e-63,9.674841444757772e-91,7.909838861101293e-44,1.6818985334595922e-49
4.460271420667475e-136,6.435116309488947e-06,1.3391241736960044e-05,3.374163387012356e-14,4.053279543627195e-77,8.582439642290298e-38,2.488491609366677e-05,7.116763881651405e-89,2.93032186597066e-17,3.4788249298890193e-25,0.010357165970201823,2.3476646286718434e-42,2.792971209965009e-60,0.017558191081916467,7.806831198202433e-32,8.0324136721573745e-25,0.0007976927895842861,3.1459616865041113e-37,2.521316880791505e-22,2.2195700105706197e-88
2.971745659625775e-69,6.487943656435242e-09,2.1879077551402375e-39,1.382141595029168e-87,8.777430615223302e-79,3.138629118002281e-26,1.3225556859453293e-11,6.652991916369293e-86,2.3500712812740225e-30,2.504770093682089e-33,3.490734758951118e-18,7.772482799175127e-55,1.0739853151885158e-33,1.3223090736725681e-16,0.0005759240114784139,6.753668526237215e-11,7.639642324260855e-47,4.24602155251097e-64,1.863351675617321e-61,1.827308266501344e-71
4.650082365150743e-47,6.694064618766016e-12,9.498182230106818e-06,5.382822118806721e-21,3.460946613708955e-27,8.836968421611205e-140,7.330456831924953e-16,3.6229565540229247e-78,3.24056804690456e-49,2.878171302491905e-21,4.3994727299373925e-23,9.948963912360322e-45,8.27254337222957e-12,6.389941338229674e-10,3.637977671904936e-24,1.497830161511953e-21,8.006990775587544e-30,4.616405509351496e-13,0.010165469855024872,1.7746628994026405e-92
0.0,2.51480865157651e-17,0.5076870003441255,0.018566961144395787,3.5606336042119e-42,0.0,2.8452564989926867e-31,9.69978294622283e-76,3.209029564343516e-41,4.367882421467169e-08,0.013417171444862448,3.5414736564422226e-37,4.3644717019954616e-36,4.1950117374677976e-33,1.0909895949559611e-05,1.837288728664005e-19,1.0409863383095325e-29,1.3119939044926478e-38,2.7585802381199955e-20,2.8460501483164616e-83
1.7338518075331984e-77,3.584126765464864e-27,1.2404331060036258e-39,4.547840255816531e-60,4.4075021263004556e-83,4.917577295098715e-16,0.00028028208186912554,5.098272100337214e-58,4.9775518313332005e-42,1.4552644250225194e-23,5.036909591939568e-67,4.155585065987971e-71,2.125829194758957e-24,2.9469875948638097e-06,7.708810144766448e-10,1.7952295769141456e-38,1.3536526314739739e-06,6.5075099222522545e-21,1.3814678935529526e-35,0.20750186457127764
0.0,2.6406151873509333e-45,1.3232287582710133e-18,2.122135119537109e-52,2.8412045782241515e-18,9.601993858428998e-40,0.10377880392850523,0.0008626294690878413,6.018275840238153e-39,0.09394301058003064,0.0070676294697493165,2.366885992293315e-07,0.9446420885014172,6.527908898081937e-27,0.008971043293626631,0.4700426120695552,0.0015512700900247982,0.002289947599694916,0.05876790918135543,5.2883759410650515e-14
0.2921060790738791,1.24552600014592e-07,1.8426898350734157e-28,3.502272411057144e-38,9.54326673330008e-22,1.2481416864179617e-07,0.002859262095462946,3.402866647895125e-40,8.926827472278709e-08,6.507027161202622e-15,3.2956553172907213e-28,0.8840818022812453,1.4100742080406277e-08,2.078316132279718e-09,4.503297479104675e-07,1.2168429542525138e-28,4.6322504994693186e-27,1.1323859864208809e-09,1.69520671145331e-05,1.3646830234274767e-12
2.6009723188342272e-79,8.65631195730171e-06,3.356554665209207e-32,2.8590109730285205e-12,1.5678998962839461e-62,0.009494430598244024,1.1152007185484272e-09,1.3360981005639296e-38,0.01488946334243857,1.445345134594716e-13,2.964240053786028e-11,2.031317051990942e-08,0.014505328620545615,3.147933309209791e-07,0.003665913381448296,1.8826723412164614e-10,4.935353260377386e-27,6.880648089258682e-26,4.637352174690974e-05,3.97807749480294e-33
4.0005201267376e-13,6.061354063992505e-57,1.758913511841579e-77,0.0040851048005433295,6.3546126219502104e-86,1.0342167190346203e-38,1.7499626953971182e-31,1.9804082227239616e-22,4.2333722734057587e-23,0.04375175359871567,1.718340835805048e-53,2.33700809880528e-75,5.631355118665441e-44,5.643565218937095e-37,1.7431174724049598e-38,3.535583136639791e-14,6.19881327878702e-66,8.68427529318986e-81,3.950795504178646e-31,1.1917402088952946e-29
0.0,3.7904315311444667e-23,9.511541997972042e-51,7.210425903459428e-27,0.8252886847781103,1.3554621447096728e-80,4.44369883395639e-14,1.391053107853028e-25,2.0630935064884107e-33,6.216394251358874e-11,2.067954656581813e-09,4.4767615312218525e-34,1.8339863088105013e-14,5.137925989719878e-28,1.9564559645742505e-31,0.09403755170839584,0.07154879751539385,5.215126066492552e-23,1.1720159348658034e-25,1.4499654075222643e-69
0.0,0.030925303412662215,0.23431493129087483,0.7594929340148422,9.699578244952359e-30,0.5027066656056991,3.241244242532322e-35,2.311849133466352e-30,0.08824258549751715,1.7686956053582616e-06,1.8543872753706684e-18,0.13052948988316895,3.2065966959148625e-21,5.0436927320594865e-31,9.168922673157463e-29,0.12267225118831349,6.4086276505979615e-86,5.128276237018815e-32,0.5000181023597638,9.003507526656893e-19
1.54077337612864e-24,1.424242193646834e-48,1.0716043218632016e-51,5.701820695753386e-57,1.4068490797581048e-25,5.939155231550969e-10,1.5835836509437843e-62,8.3892250814921e-17,1.6575047605548892e-87,0.00012480380603852362,4.056318790407165e-65,3.716703532811004e-30,1.8151367321709254e-78,1.2653152410674943e-16,9.700234048123388e-66,3.558276113661368e-23,0.0003615663632395426,5.223617132526512e-43,5.4901983627095056e-80,4.2174982392988445e-37
0.08361121059078995,1.3716565436097818e-05,1.300834480049408e-55,0.007025657686818923,5.595197699486672e-19,0.0008217382916335155,1.2698480413698608e-28,4.251145762622921e-29,4.574798603226359e-59,3.6946335770756586e-17,5.897196216837619e-25,4.263108095584967e-22,1.3204456754609302e-28,0.0002665301677409987,3.803937290699174e-42,0.0015381635788873696,5.583614657833682e-19,6.966440622816059e-35,7.700275663361312e-48,6.967647282288062e-40
0.0,1.4647112330042976e-16,1.273506060396834e-25,1.8912215146249767e-45,6.929096415685668e-41,9.106522062231452e-58,0.00011159854118555024,4.30399342152972e-24,9.326191956341281e-43,1.1118955645545897e-68,1.372793267908535e-36,7.87597518342997e-10,1.1349505930878746e-14,7.497890818161195e-29,0.7263324810709177,1.6571722131780162e-22,8.624647739712439e-45,1.337133890169782e-29,4.492906738943627e-07,9.937271311013439e-15
1.4739170234494437e-32,3.894086968450146e-26,0.08189144420682794,1.831814293718197e-63,7.871597885020602e-50,5.317263386431476e-61,1.606241949784052e-17,6.517799875319311e-76,3.6239166772681986e-35,6.614964857615208e-44,0.012324220076905985,1.027105185288034e-05,2.9107631140380423e-15,7.599225566676639e-05,4.3669767614165955e-62,3.928579720074629e-49,1.764598065725371e-66,2.5649859859920052e-43,6.031669740390616e-23,1.2629831418793987e-06
1.1212524255686575e-29,9.972012938369347e-08,0.1068224321246792,1.2880761633821952e-36,2.6061287134665335e-68,6.7902358602795e-05,2.805633259970227e-35,3.642581501054626e-66,2.348691774529733e-10,0.9490442139954749,1.3430966403877249e-14,3.6621617865849156e-23,0.0006081955886522882,1.0483451715829613e-14,4.98296628538362e-53,5.827850768264952e-21,2.5757428498902875e-37,8.094708946016084e-68,1.8219030623470315e-45,2.411283889858295e-81
7.5222717815004e-29,1.8632299836700856e-27,7.853983519090435e-08,2.545016502664295e-29,1.5266630752060758e-77,1.3177062686325164e-23,2.0894543262090396e-43,3.7055196864116515e-100,7.642795280671679e-38,0.6266665463531425,7.010360621015802e-07,1.8453307202806295e-63,7.54591420558604e-22,4.988762009158875e-06,1.1836691527119552e-39,2.1053964702420131e-41,6.3602414843045476e-12,7.892827909857118e-65,1.3001310513271502e-51,9.084070343714562e-101
0.15224627688019304,2.188636717041457e-06,0.003703440294897285,1.1212676462742703e-38,4.655287527358535e-62,0.020708426683370373,9.166311985975487e-26,7.857718402006218e-97,1.9433172489190057e-27,9.765719728100016e-21,2.8274034572309356e-14,2.6284080156702467e-68,1.0995961242763194e-26,0.14335236937718598,1.482533550118189e-28,1.860465514375779e-42,8.081928758431063e-46,4.833679544768521e-45,2.762835999090492e-69,1.982261388028691e-92
9.623110574105307e-114,9.704776308950083e-10,1.5984841532434203e-28,8.219177606807399e-16,2.857352126808328e-48,1.912661508832761e-21,7.863290492319003e-07,6.282313203280705e-38,4.554562192908386e-31,1.1451726811422595e-09,5.818758959471466e-16,2.708440065121619e-40,3.2612369175086768e-40,0.05282999740906569,0.007451741092163808,0.0008737164575506857,0.00015281550502773046,0.6802438338624881,5.0207022666668784e-49,1.471221031017706e-40
0.0,1.4244260230037365e-12,1.3873820394834135e-09,0.0,0.6693585414743075,3.910184225361211e-11,0.00023548651096274526,0.005135279707105437,2.1553686199760517e-19,0.0,0.9621853828904083,2.5461716394761934e-13,0.0010024372315065168,7.491189988710673e-11,3.761812816741031e-05,1.5967739216402146e-12,2.2744791081067108e-17,0.010610742962586616,3.1378830720201234e-10,0.9060453236428277
0.0,4.950598215617011e-15,1.7031610294653168e-09,0.0,3.446082007848549e-49,2.8966729043806107e-20,1.493440825380804e-14,1.368237743901197e-19,4.525831163805871e-36,0.0,7.610527638298256e-37,4.9617199472730324e-17,2.156543018355064e-48,1.195887758608876e-35,5.788766889812618e-12,0.27508810943833045,5.3204206140437e-32,0.0017441050226470476,1.5787373806421904e-12,8.525077259006688e-06
1.0706444143386945e-58,1.4650458683172113e-19,3.924181914051622e-60,0.008072206587193207,1.8753259696869255e-52,7.15524566803945e-76,4.9113132807805234e-26,9.533314539494904e-58,4.2856878994083426e-39,1.269449529612505e-24,2.9494836643127696e-32,9.192135025969671e-17,2.2186159191303578e-08,0.007309871396711856,1.6029241399451095e-08,7.419161003773979e-26,2.224399366077331e-64,5.925382351049402e-94,5.2727762419302966e-11,0.4875515605387274
0.0,3.0698564918155697e-58,2.135252839187653e-21,0.0020674077340147477,4.4398352206588e-20,9.284059919042918e-38,1.4346034672618989e-18,9.32570446480819e-34,4.127817523288591e-23,1.9805910684036363e-32,7.547101213696324e-43,1.079008296916898e-12,1.1154160723954087e-08,1.3470083298222113e-16,0.9002979729697886,1.4797762011199745e-11,1.2030024253561363e-70,1.930311574530096e-19,1.839215609652982e-11,3.099810410291225e-66
0.0,4.666435254787382e-22,3.696795358417749e-33,0.2794972540002317,1.9394333832477066e-15,1.325944680906171e-46,1.7481778119558891e-12,1.0268730289457001e-52,0.0008091567307427496,1.9611059312974106e-08,2.9911291847148537e-12,4.4030689768819377e-26,0.6627997901760081,2.8706151209343313e-10,2.1496020160294567e-14,0.04493377270472458,1.1492747218180333e-16,1.6768142586476056e-05,3.445444670607578e-07,9.786752812866198e-17
