mass shift,# peptides in bin,M,D,Q,C,L,H,S,R,A,W,Y,P,F,V,N,T,E,G,I,K,is reference,is isotope,isotope index,unimod candidates,unimod accessions,sum of mass shifts
-17.026273454771758,290,0.9151971553796765,0.8461097921406857,2.178606955667571,9.042338561225241,0.9774971711549817,1.3111221518149752,0.9124133189566048,1.0111304919587996,0.9793243851988351,1.0951192201988518,0.8413893434339397,0.8088250403049437,1.036540207857134,0.909721062531444,0.9899139042767836,0.9846008484535629,0.8568823298128232,0.9218705820466561,1.005680809155987,0.9322694967867637,False,False,,"{'C', 'N', 'Q', 'T', 'S'}","{385, 28}",
-0.9985793748320895,54,0.6388411064561773,1.0591135759115717,1.2148114182502072,44.884502923976605,1.0112626308694903,0.6054110548007335,1.1837294056902992,1.1285472724599324,1.2454277787955716,0.4529975063815974,0.8507688664510212,0.9171875035229765,0.6776597831951734,0.9031375548420718,1.116761424606509,1.2322874232269057,1.1022115315574066,0.9667596657072859,0.7665639905094589,0.7545022904665474,False,False,,{'C'},{374},"[('-17.0263', '+16.0282')]"
0.0,8716,1.0,1.0,1.0,1.0,1.0,1.0,1.0,1.0,1.0,1.0,1.0,1.0,1.0,1.0,1.0,1.0,1.0,1.0,1.0,1.0,True,False,,set(),set(),
0.9845634937576541,130,0.9276976091365418,0.7830868943071182,0.8755628250922176,0.0,0.8141240719080916,0.9272305451941375,0.9599089212833111,0.7884163658922949,0.9516800454642323,1.1563304014219011,0.8528816743675426,0.7138545769250979,1.1173276895036706,0.8313957726616457,2.257728515559169,0.9639279276801139,0.8830146191015552,1.4872426348578902,1.160684703072354,1.0990797359738402,False,False,,"{'R', 'F', 'N', 'Q'}","{632, 621, 7}",
1.0029117973290829,166,1.0154650790205382,0.7777639507118279,0.9758233525145421,14.593464052287581,0.8441193461786795,0.902181179703054,1.0765213003280047,0.9173218471332071,1.0754606526847437,1.1782780059037914,1.0184410582153596,0.9002522484382519,1.0771690148566417,0.876260377460896,1.4342322124786053,1.0525765137759773,0.9648318137203459,1.2939759318828643,1.0334166435249468,0.9240164949057694,False,True,+0.0000,"{'Y', 'L', 'I', 'C', 'G', 'F', 'P', 'T', 'D', 'E', 'V', 'M', 'A', 'S'}",{994},
4.024619665809809,1152,0.9214499265553453,0.9014054672626737,0.9398498421100073,0.0,1.0480156855599843,1.034089552962172,0.978718091083701,0.0016909186252365078,1.0163710778134418,0.9800899975752678,1.0282348928391802,0.8907118676683435,1.0917617028466462,1.1484021548897063,1.0650298116050088,1.0595568352285858,0.8657034893882697,1.040319828059892,1.0879326295268559,1.6524627015377218,False,False,,"{'Y', 'U', 'F', 'K', 'M', 'A'}","{481, 862}",
6.019932070885314,946,0.8842610036578173,0.8829337971296386,1.0612049373846903,0.0,1.0525526232420095,1.0013250290545859,1.0287262054296924,1.9815332260386158,1.082960187559256,1.068064501849866,0.9008941449062801,0.8720716018668084,1.0598784487901052,1.0755421125112676,1.0178576268847594,1.0334088873544585,0.8692378782595743,1.0376364740435973,1.097456893930143,0.0017700933500681463,False,False,,"{'I', 'L', 'P', 'K', 'R', 'E', 'V', 'M'}","{1148, 188, 268}",
8.013900087372372,1231,0.989211067148076,0.9492951044729385,0.9486163125156866,9.370953280299128,1.0957478407802113,0.966412472987012,0.9643760367131635,0.001550113577464567,1.0407769344379962,0.9634979297868532,0.982981242282957,0.8571875076793347,1.0715899044666386,1.1133805877583123,1.0462903465563094,1.0073011669376915,0.8629459023467819,1.0453597218569894,1.1320090744043656,1.6146254017698813,False,False,,"{'E', 'K'}","{1080, 259}",
8.050073576304824,230,0.9956857856886328,1.289125043203547,0.9366491169991809,0.0,0.8921659495661127,0.9049109260864219,1.057256266749984,0.0,0.9669574776951677,1.067730884935747,0.9426205457474113,0.8754816920562993,0.9927011470753972,0.9592868027225347,0.9244959932597303,0.9749855311953998,1.0658260234556434,1.037450614536109,0.9372666834995547,2.110932278118207,False,False,,set(),set(),"[('+4.0246', '+4.0246')]"
10.008022847535242,1413,0.9375197974174286,0.9050369564293813,1.0532505194545905,1.9826923697891439,1.0514798356247455,1.2502327682109888,1.0230480440369516,1.852378667495989,1.0902343224827624,1.020527948116868,1.0300661967112468,0.8943902092224515,1.0554649409352834,1.0144596539131936,0.9890851838508563,1.0674616434834991,0.8751394802532417,1.0555221195634679,1.0183253368300533,0.0011109594899827103,False,False,,"{'R', 'H'}","{267, 1116}",
10.045195881125146,320,0.97449237885236,1.2249062708792262,0.8651391933055188,7.800050813008131,0.9006557806181399,0.6224843848522786,0.7900420940682207,1.1922000911809956,0.9239045766576512,0.7084991487004862,0.954285366554125,0.9022035383250632,0.9290274873275295,0.9715809061236572,0.975208509277193,1.0961448792594022,1.2573069628272104,0.9716229384158744,1.0819565068307584,1.3111777608717439,False,False,,set(),set(),"[('+4.0246', '+6.0199')]"
12.03938267644996,79,0.6993075486310418,1.1693533670185872,0.7710567752728258,0.0,1.012703175927709,0.6035425021624597,0.9778634220919863,2.633276969073176,1.177973307303657,0.6375520460185444,0.6259023478772665,1.1568996812431676,0.9714053133593364,0.8171244543809221,0.7858691506490247,1.07293324294772,1.2628852923304947,1.0091299967351979,0.7499447170024788,0.0,False,False,,"{'T', 'S'}","{664, 1202}","[('+4.0246', '+8.0139'), ('+6.0199', '+6.0199')]"
15.994586314703598,163,4.457557975982174,1.0033888046356674,0.8839058685307593,16.0151278038602,0.8187976953446722,1.044073524867619,0.8630907199685136,1.017282048414587,0.9365385528264342,0.4848987392253719,0.9106821669053186,0.9138564124037949,0.9403103929573091,1.0178889916857807,1.1854448737255008,1.0805926158956394,0.836974881553403,1.1670710581010961,0.7938629028017343,1.0050584501488655,False,False,,"{'C', 'N', 'L', 'U', 'W', 'P', 'D', 'E', 'I', 'G', 'H', 'Q', 'K', 'V', 'A', 'S', 'Y', 'F', 'T', 'R', 'M'}","{569, 35, 540}",
16.028202133463537,299,0.9653180783859175,1.1987438051059467,0.9118189489491288,7.535837015218458,0.8456593530942724,0.8300996936958511,0.9476202234705846,0.014958653095934303,0.9780474694042853,0.7795693464019096,1.0388287671754337,0.952996224518052,0.8975582204519282,0.9988413801710829,0.9843618742665621,1.0099213868696677,1.2052277900296915,1.0171621578516719,1.0358898424140897,2.022599512676303,False,False,,"{'N-term', 'P', 'M', 'K'}","{1146, 284, 629}","[('+6.0199', '+10.0080'), ('+8.0139', '+8.0139')]"
17.027465568757655,181,0.7766236858011646,1.0877482666768474,1.0077103326134673,21.82600195503421,0.9716731806238152,0.024532786011653294,1.1637382874483142,0.6426491532856347,1.260069033803815,0.7709773609011245,0.9966497159248822,1.2075689296545724,0.933656560797829,0.9968439091567847,0.9571220015529206,1.112120620789319,1.099431308470608,1.2457823300887063,0.9455307706152006,0.3118582647665516,False,True,+16.0282,"{'C-term', 'D', 'K', 'R', 'E'}","{298, 989}",
18.02229858304337,327,1.056675657339533,1.1889061677132478,0.8416710838088274,0.0,0.9448590591508577,0.8005543131822436,0.8026373129135298,1.1076969820449776,0.8850482168699952,0.778099393921108,0.9742257297620305,0.945537358738055,0.9320168673389643,0.9403893272301337,1.0367552339360444,1.0113504734360403,1.2367277233011147,0.9884358913957901,1.1255436519252873,1.2424994848996014,False,False,,{'E'},{1079},"[('+8.0139', '+10.0080')]"
20.016542114789402,67,1.3055979587406918,1.2875089173179441,0.8397391434904052,0.0,0.9315121195792009,0.7732981540311891,0.9860807617734315,2.230540491450219,1.0571112661872306,0.6943423963361628,0.8891152095530918,1.0079609995906855,1.0964041758362246,0.8239910464345432,0.9414580345926469,1.1044777520128573,1.3320586162894164,0.7656086629937364,0.8024176290899587,0.13492276253048846,False,False,,{'M'},"{1267, 885}","[('+4.0246', '+15.9946'), ('+10.0080', '+10.0080')]"
39.99531964710817,106,0.7536193106817148,0.9499752615378009,1.1000935557721523,2287.385331781141,0.9549354743905055,1.419438724526982,0.7832014370189598,0.9774611998954479,0.8886224716330265,0.7214209414784927,0.9648469862301984,1.010523978665682,1.119177352455824,0.8218807084809274,0.681757498327885,0.9535207195845845,0.9451757523232492,0.957981172817278,0.9825879436542494,1.0146694364923814,False,False,,"{'R', 'C'}","{26, 860}","[('-17.0263', '+57.0217')]"
42.01061849883895,168,1.3264487095883986,1.0370893662519205,0.9076992366270071,0.0,0.8052097049084139,0.7394333493749418,1.12519117752971,0.9576102207454308,1.7664772238026332,0.8299190956609418,0.7226516950284871,1.0082061107428137,0.7081228608112414,0.9087185575437493,0.7877004246842857,0.9183562631371427,1.113214230345707,0.9269085039147719,0.7056213682887292,1.2348495501986851,False,False,,"{'Y', 'C', 'H', 'K', 'N-term', 'T', 'R', 'S'}","{1, 1197}",
43.00556898944732,55,0.9534005712453506,0.8339087339867456,0.7038602412940645,60.28669612174767,1.1754338498607648,0.6776324030170214,0.6221458002116907,1.0770230229072697,1.0252635541341473,0.9126665518851623,1.0388287671754337,0.9297524141639532,0.910199885528716,1.3670889251498195,0.8249889993853092,1.1782416180146125,0.7781785730900371,0.9089534176546854,1.2807365324392381,1.3174343381106606,False,True,+42.0106,"{'Y', 'C', 'K', 'N-term', 'T', 'R', 'M', 'A', 'S'}","{1050, 5}",
57.021734461780916,1327,0.9273414630291669,0.9727183942315338,0.9133428613685933,2220.289929631601,0.8868781966595021,1.0978378219217844,0.9832410637604005,0.8877024314506545,0.963603480484795,0.8748951307391256,1.0338967723410302,0.8896406568157033,0.9126293936299259,0.9868694847304093,0.9553391771753605,1.0340183225684385,0.8607601087316938,1.074669046878658,0.9346948300535641,0.8382109533116385,False,False,,"{'Y', 'C', 'U', 'G', 'H', 'K', 'N-term', 'T', 'D', 'E', 'M', 'A', 'S'}","{1263, 1051, 4, 1108}",
61.04668073912803,84,0.8139868930388374,0.8868806601797776,0.6587804349578221,2543.2781065088757,0.9051652087413986,0.8167675768909306,1.0299389889489559,0.0,0.9936797318888126,0.5347514942196964,0.8869231109102094,0.6070210473243502,0.8126570970072297,1.0733824193642882,0.9039820289122511,1.0989368937251673,0.74350363667186,1.5651209735947542,1.1729126031723602,1.4250717817569345,False,False,,set(),set(),"[('+4.0246', '+57.0217')]"
63.0418740051213,51,0.8236119438620776,0.6780111125603955,0.6633186729197359,2447.747243426633,1.004136881268531,0.40976931444528025,1.1346201538777245,1.826351311156532,1.2896919360818297,0.9198269976908772,0.8974106016693632,0.6626260287586418,0.9319019466953135,0.9314802940525523,1.1986004297685127,1.1147824638636983,0.7542242149784093,1.103040799244649,1.0413053201930762,0.0,False,False,,"{'T', 'S'}",{792},"[('+6.0199', '+57.0217')]"
65.03592636875764,67,1.0123772182242117,0.9404753404841063,1.0758037642683902,2347.252823631625,0.9476658831819819,1.159275382085853,0.9923062354504257,0.0,1.0717080384557391,0.987070152914897,1.1643727128870782,0.6581774692100687,0.8352505176016966,1.1131634617456871,0.6636531836931816,0.9598591576817564,0.8845389341002031,1.0979567636946692,0.9036784115619974,1.355088735753646,False,False,,set(),set(),"[('+8.0139', '+57.0217')]"
67.02986592431319,77,0.7452329100639982,0.8179842432424724,0.9669791398396304,2419.0094653364035,0.8847577890953331,1.2359120535456265,1.1767381779280386,1.6005797079861515,0.9841817814758659,1.1097222105679654,1.02854412320263,0.6661858002101464,0.7905164009644386,1.0736124834229765,1.0552238418845232,1.0817879680364402,0.7813540392550526,1.0826521137375837,1.0730719253179226,0.0,False,False,,set(),set(),"[('+10.0080', '+57.0217')]"
114.04352465447194,151,0.8804882678987973,0.8803010200424315,0.7722485168111146,3568.338794435858,0.7840020643649712,1.0382752803815982,0.9817930123507793,0.8372529996611554,0.9362845001640898,1.0216599092921592,0.9811874182703362,1.058674729212978,0.7287955738075655,0.9295264272401216,1.117658976292437,1.0304302661410636,0.7449592336936802,1.1764882386264124,0.8960536893624346,0.7657440247479964,False,False,,"{'C', 'H', 'K', 'N-term', 'T', 'R', 'S'}","{121, 1290}","[('+57.0217', '+57.0217')]"
128.09505411875764,208,0.7070668556893613,1.3692774863664252,0.8238655392188012,0.0,0.8555893599300028,0.6979860461901661,0.745264841108941,0.7642346820784495,0.9634220524976707,0.7520638212743025,0.7597223306547404,0.833180588014369,0.9236495534704441,0.9361231613295999,0.9270204058626845,1.069151791832131,1.6343846123280288,0.8916715363319628,0.8949902332954978,1.7536684304630235,False,False,,{'N-term'},{1301},
156.10094925764653,104,0.7237104392125131,1.4987352265593175,1.044291247780009,0.0,0.8525965372184274,0.48866046010746744,0.9532665221511594,0.8932492665194324,0.9898926502336645,0.51959244443546,0.7885575549604465,0.9263093679125075,0.7548913652188456,0.8258026906208535,0.9535856636271118,0.9156783657050398,1.447941123624796,0.9281757416539042,0.924529534914297,1.6410951999236607,False,False,,{'N-term'},{1288},
